Top pages,Clicks,Impressions,CTR,Position
https://www.jaetravel.co.ke/,1,708,0.14%,6.36
https://www.jaetravel.co.ke/tour/from-nairobi-maasai-mara-1-day-safari,1,1,100%,9
https://www.jaetravel.co.ke/disability-tours,0,325,0%,3.44
https://www.jaetravel.co.ke/tours/lake-nakuru-flamingo-spectacle,0,42,0%,1
https://www.jaetravel.co.ke/blog/serengeti-vs-masai-mara-comparison,0,28,0%,11.54
https://www.jaetravel.co.ke/big-five,0,27,0%,14.07
https://www.jaetravel.co.ke/vehicle-hire,0,15,0%,10.13
https://www.jaetravel.co.ke/destinations/kenya,0,15,0%,11
https://www.jaetravel.co.ke/budget-tours,0,9,0%,42.89
https://www.jaetravel.co.ke/blog/best-time-visit-masai-mara,0,8,0%,13.88
https://www.jaetravel.co.ke/about,0,7,0%,54.43
https://www.jaetravel.co.ke/tours/ngorongoro-crater-tour,0,6,0%,18.33
https://www.jaetravel.co.ke/toyota-landcruiser,0,4,0%,8
https://www.jaetravel.co.ke/wheelchair-accessible-maasai-mara-migration,0,3,0%,3.33
https://www.jaetravel.co.ke/maasai-mara-great-migration,0,3,0%,3.67
https://www.jaetravel.co.ke/vehicle-hire/toyota-landcruiser,0,3,0%,10
https://www.jaetravel.co.ke/toyota-prado,0,3,0%,62.67
https://www.jaetravel.co.ke/budget-tours/3-day-masai-mara-budget-safari,0,2,0%,2.5
https://www.jaetravel.co.ke/tours/kenya-disability-safari,0,2,0%,4
https://www.jaetravel.co.ke/budget-tours/masai-mara-3-days-budget-land-cruiser-safari,0,2,0%,53
https://www.jaetravel.co.ke/booking/masai-mara-safari-adventure,0,2,0%,98
https://www.jaetravel.co.ke/accessible-migration,0,1,0%,1
https://www.jaetravel.co.ke/blog/budget-safari-tips-east-africa,0,1,0%,1
https://www.jaetravel.co.ke/budget-tours/kenya-big-5-7-days-budget-safari,0,1,0%,1
https://www.jaetravel.co.ke/tours/accessible-masai-mara-safari,0,1,0%,7
https://www.jaetravel.co.ke/vehicle-hire/photography-converted-vehicle,0,1,0%,25
https://www.jaetravel.co.ke/contact,0,1,0%,78